iter	RMSE
0	82.29190707
500	47.34216213
